Title,Headline,Timestamp
Onet,Dokumentu „Tylko nie mów nikomu” nie da siê zagadaæ opowieœciami o rzekomym „ataku na Koœció³”,2019-05-14 21:03:10.048423

Onet,„Wiadomoœci” TVP. Stara propaganda w nowym wydaniu,2019-05-14 21:03:10.048423

Onet,Greenpeace protestowa³ pod siedzibami PiS i PO przeciw ignorowaniu kryzysu klimatycznego,2019-05-14 21:03:10.048423

Onet,"„Myœla³em, ¿e jestem po prostu pier...”. Przekleñstwo i dar osobowoœci borderline",2019-05-14 21:03:10.048423

Onet,Zbudowa³ Licheñ i molestowa³ dzieci. Ksiê¿a marianie zas³onili pomnik ks. Makulskiego z papie¿em,2019-05-14 21:03:10.048423

Onet,Sekielski o pedofilii w Koœciele: Nie znamy jeszcze prawdziwej skali przestêpstw i skali ich tuszowania,2019-05-14 21:03:10.048423

Onet,"Abp. G³ódŸ odpowie za krycie pedofilii? „Jest skoñczony, profanuje polski Koœció³”",2019-05-14 21:03:10.048423

Onet,Chcieli wyœwietliæ film o pedofilii w Koœciele na fasadzie katedry. Policja zaaresztowa³a rzutnik,2019-05-14 21:03:10.048423

Onet,Sekielski o pedofilii w Koœciele: Nie znamy jeszcze prawdziwej skali przestêpstw i skali ich tuszowania,2019-05-14 21:03:10.048423

Onet,Lady Gaga i ja,2019-05-14 21:03:10.048423

Onet,Dlaczego w kampanii do PE Kaczyñski ucieka od rozmowy o Unii?,2019-05-14 21:03:10.048423

Onet,"Ta wielka, rozmodlona nienawiœæ",2019-05-14 21:03:10.048423

Onet,Odczepcie siê ludzie od adoptowanych dzieci premiera Morawieckiego,2019-05-14 21:03:10.048423

Onet,Ostatni tydzieñ os³abi³ Donalda Tuska i jego chêæ powrotu,2019-05-14 21:03:10.048423

Onet,"Polska wœród homofobicznych liderów UE. „PiS rz¹dzi tak, by osoby LGBT nie mia³y w Polsce ¿adnych praw”",2019-05-14 21:03:10.048423

Onet,Abp Ryœ wyda³ kodeks postêpowania z nieletnimi. „Dotyk niesie ze sob¹ pewne niebezpieczeñstwa”,2019-05-14 21:03:10.048423

Onet,„Wiadomoœci” TVP. Stara propaganda w nowym wydaniu,2019-05-14 21:03:10.048423

Onet,Sekielski o pedofilii w Koœciele: Nie znamy jeszcze prawdziwej skali przestêpstw i skali ich tuszowania,2019-05-14 21:03:10.048423

Onet,"Jacht, który mia³ promowaæ Polskê, zosta³ uszkodzony",2019-05-14 21:03:10.048423

Onet,Kierowcy skazani na automaty? To wcale nie jest taka œwietna wiadomoœæ,2019-05-14 21:03:10.048423

Onet,Innowacja w ¿ywieniu niemowl¹t,2019-05-14 21:03:10.048423

Onet,"Wypad pod namiot? Podpowiadamy, jaki model wybraæ",2019-05-14 21:03:10.048423

Onet,Smog a zdrowie dzieci,2019-05-14 21:03:10.048423

Onet,"Wojenny koszmar, który staje siê rzeczywistoœci¹. Sensacyjna „Kontra” Mi³oszewskiego wbija w fotel",2019-05-14 21:03:10.048423

Onet,"Kapitalizm i liberalizm. Myœlenie, które popsu³o nam œwiat?",2019-05-14 21:03:10.048423

Onet,„Mog³em zostaæ mêczennikiem”. Chrzeœcijan spotyka dziœ „pó³ludobójstwo”,2019-05-14 21:03:10.048423

Onet,¯y³am za pensjê minimaln¹ w Wenezueli. Pi³am wodê kapi¹c¹ z rur i pojê³am czym jest g³ód,2019-05-14 21:03:10.048423

Onet,Co ma wspólnego wyrostek z chorob¹ Parkinsona?,2019-05-14 21:03:10.048423

Onet,"Sprzyja chorobie Alzheimera, mo¿e uszkadzaæ serce. Bia³ko nie tak niewinne jak s¹dzono",2019-05-14 21:03:10.048423

Onet,Jak dosz³o do konfrontacji ofiary z ksiêdzem pedofilem? [S£UCHAJ PODCASTU],2019-05-14 21:03:10.048423

Onet,„Nie ma czasu na ogl¹danie byle czego”. Jak wygl¹da ¿ycie S³awoja Leszka G³ódzia?,2019-05-14 21:03:10.048423

Onet,"Polska wœród homofobicznych liderów UE. „PiS rz¹dzi tak, by osoby LGBT nie mia³y w Polsce ¿adnych praw”",2019-05-14 21:03:10.048423

Onet,Abp Ryœ wyda³ kodeks postêpowania z nieletnimi. „Dotyk niesie ze sob¹ pewne niebezpieczeñstwa”,2019-05-14 21:03:10.048423

Onet,„Wiadomoœci” TVP. Stara propaganda w nowym wydaniu,2019-05-14 21:03:10.048423

Onet,Sekielski o pedofilii w Koœciele: Nie znamy jeszcze prawdziwej skali przestêpstw i skali ich tuszowania,2019-05-14 21:03:10.048423

Onet,"Jacht, który mia³ promowaæ Polskê, zosta³ uszkodzony",2019-05-14 21:03:10.048423

Onet,Chcieli wyœwietliæ film o pedofilii w Koœciele na fasadzie katedry. Policja zaaresztowa³a rzutnik,2019-05-14 21:03:10.048423

Onet,Smog a zdrowie dzieci,2019-05-14 21:03:10.048423

Onet,Greenpeace protestowa³ pod siedzibami PiS i PO przeciw ignorowaniu kryzysu klimatycznego,2019-05-14 21:03:10.048423

Onet,Czy tak wygl¹da przysz³oœæ rynku us³ug telekomunikacyjnych? Poznaj Orange Flex,2019-05-14 21:03:10.048423

Onet,Zbudowa³ Licheñ i molestowa³ dzieci. Ksiê¿a marianie zas³onili pomnik ks. Makulskiego z papie¿em,2019-05-14 21:03:10.048423

Onet,"Wypad pod namiot? Podpowiadamy, jaki model wybraæ",2019-05-14 21:03:10.048423

Onet,Ofiara ksiêdza pedofila o filmie „Tylko nie mów nikomu”,2019-05-14 21:03:10.048423

Onet,Brudziñski jest „wœciek³y”. Po jego l¹dowaniu na boisku w Choszcznie w policji polec¹ g³owy?,2019-05-15 00:51:48.677983

Onet,Zapytaliœmy ministerstwo finansów o 13. emeryturê i 500+ na ka¿de dziecko. Dostaliœmy zaskakuj¹c¹ odpowiedŸ,2019-05-15 08:34:49.474185

Onet,Donald Tusk na marszu Koalicji Europejskiej,2019-05-15 08:34:49.474185

Onet,"Ostatni wiêzieñ z Rakowieckiej Rosyjski szpieg, czy ofiara niepopularnych pogl¹dów?",2019-05-15 08:34:49.474185

Onet,Donald Tusk na marszu Koalicji Europejskiej,2019-05-15 08:34:49.474185

Onet,Marek Lisiñski: W koñcu spo³eczeñstwo zobaczy w ofiarach pedofilów ludzi,2019-05-15 08:34:49.474185

Onet,Zapytaliœmy ministerstwo finansów o 13. emeryturê i 500+ na ka¿de dziecko. Dostaliœmy zaskakuj¹c¹ odpowiedŸ,2019-05-15 08:34:49.474185

Onet,Donald Tusk na marszu Koalicji Europejskiej,2019-05-15 08:34:49.474185

Onet,Marek Lisiñski: W koñcu spo³eczeñstwo zobaczy w ofiarach pedofilów ludzi,2019-05-15 08:34:49.474185

Onet,Zapytaliœmy ministerstwo finansów o 13. emeryturê i 500+ na ka¿de dziecko. Dostaliœmy zaskakuj¹c¹ odpowiedŸ,2019-05-15 08:34:49.474185

Onet,Polski ambasador zaatakowany w Tel Awiwie,2019-05-15 10:18:04.135076

Onet,Polski ambasador Marek Magierowski zaatakowany w Tel Awiwie,2019-05-15 10:18:04.135076

Onet,Polski ambasador Marek Magierowski zaatakowany w Tel Awiwie,2019-05-15 10:18:04.135076

Onet,Gdy policjant staje siê gangsterem. Demaskatorska powieœæ,2019-05-15 10:18:04.135076

Onet,Za³o¿yciel InPostu wróci³ do gry. Dziêki amerykañskim inwestorom,2019-05-15 11:17:37.485952

Onet,Witold Bañka nowym szefem Œwiatowej Agencji Antydopingowej. Czym przekona³ do swojej kandydatury?,2019-05-15 11:17:37.485952

Onet,Witold Bañka nowym szefem Œwiatowej Agencji Antydopingowej. Czym przekona³ do swojej kandydatury?,2019-05-15 11:17:37.485952

Onet,Ogieñ i furia 2. Trump pod ostrza³em,2019-05-15 12:35:38.807082

Onet,Ogieñ i furia 2. Trump pod ostrza³em,2019-05-15 12:35:38.807082

Onet,Ogieñ i furia 2. Trump pod ostrza³em,2019-05-15 12:35:38.807082

Onet,To g³ówne zagro¿enie dla polskiej s³u¿by zdrowia. Wkrótce mo¿e zabrakn¹æ pielêgniarek,2019-05-15 15:25:15.745379

Onet,To g³ówne zagro¿enie dla polskiej s³u¿by zdrowia. Wkrótce mo¿e zabrakn¹æ pielêgniarek,2019-05-15 15:25:15.745379

Onet,Marka Sprite w globalnej kampanii na rzecz ró¿norodnoœci i bycia sob¹,2019-05-15 15:25:15.745379

Onet,To g³ówne zagro¿enie dla polskiej s³u¿by zdrowia. Wkrótce mo¿e zabrakn¹æ pielêgniarek,2019-05-15 15:25:15.745379

Onet,Marka Sprite w globalnej kampanii na rzecz ró¿norodnoœci i bycia sob¹,2019-05-15 15:25:15.745379

Onet,Arcybiskup S³awoj Leszek G³ódŸ przeprasza ofiary pedofilii,2019-05-15 16:24:25.702328

Onet,Arcybiskup S³awoj Leszek G³ódŸ przeprasza ofiary pedofilii,2019-05-15 16:24:25.702328

Onet,Arcybiskup S³awoj Leszek G³ódŸ przeprasza ofiary pedofilii,2019-05-15 16:24:25.702328

Onet,Eurowybory. Mamy do czynienia ze znu¿eniem Europ¹ na niespotykan¹ skalê,2019-05-15 21:04:30.956821

Onet,"Stanis³aw Piotrowicz „wiedzia³, ¿e kryje pedofila”. Teraz ma nadzorowaæ pracê nad antypedofilsk¹ ustaw¹",2019-05-15 21:04:30.956821

Onet,Jak koñcz¹ ksiê¿a ujawniaj¹cy skandale seksualne w Koœciele?,2019-05-15 21:04:30.956821

Onet,PiS chce zapobiec strajkowi nauczycieli. W typowy dla siebie sposób,2019-05-15 21:04:30.956821

Onet,"Ofiara ksiêdza-pedofila: nie jestem gotowy, ¿eby na niego spojrzeæ",2019-05-15 21:04:30.956821

Onet,"Stanis³aw Piotrowicz „wiedzia³, ¿e kryje pedofila”. Teraz ma nadzorowaæ pracê nad antypedofilsk¹ ustaw¹",2019-05-15 21:04:30.956821

Onet,"Kobieta po przejœciach, mê¿czyzna z przesz³oœci¹. Dlaczego lêkaj¹ siê wejsæ w nowy zwi¹zek?",2019-05-15 21:04:30.956821

Onet,Jak koñcz¹ ksiê¿a ujawniaj¹cy skandale seksualne w Koœciele?,2019-05-15 21:04:30.956821

Onet,"Ofiara ksiêdza-pedofila: nie jestem gotowy, ¿eby na niego spojrzeæ",2019-05-15 21:04:30.956821

Onet,PiS chce zapobiec strajkowi nauczycieli. W typowy dla siebie sposób,2019-05-15 21:04:30.956821

Onet,Biznes na szwajcarskim zegarku. Jak Nicolas Hayek zmieni³ plastik w biznesowy diament,2019-05-15 21:04:30.956821

Onet,Monte Cassino. Matka Wszystkich Bitew,2019-05-15 21:04:30.956821

Onet,"Stanis³aw Piotrowicz „wiedzia³, ¿e kryje pedofila”. Teraz ma nadzorowaæ pracê nad antypedofilsk¹ ustaw¹",2019-05-15 21:04:30.956821

Onet,"Kobieta po przejœciach, mê¿czyzna z przesz³oœci¹. Dlaczego lêkaj¹ siê wejsæ w nowy zwi¹zek?",2019-05-15 21:04:30.956821

Onet,Jak koñcz¹ ksiê¿a ujawniaj¹cy skandale seksualne w Koœciele?,2019-05-15 21:04:30.956821

Onet,"Ofiara ksiêdza-pedofila: nie jestem gotowy, ¿eby na niego spojrzeæ",2019-05-15 21:04:30.956821

Onet,PiS chce zapobiec strajkowi nauczycieli. W typowy dla siebie sposób,2019-05-15 21:04:30.956821

Onet,Politycy na S³owacji strasz¹ Kaczyñskim,2019-05-16 08:08:17.344761

Onet,Czy mê¿czyŸni  ciesz¹ siê wiêksz¹ swobod¹ w podejmowaniu decyzji?,2019-05-16 08:08:17.344761

Onet,Najbardziej restrykcyjne w Stanach ograniczenie aborcji przeg³osowane,2019-05-16 08:08:17.344761

Onet,Ksi¹dz zmusia³ mnie do przysiêgania na Bibliê i krzy¿,2019-05-16 08:08:17.344761

Onet,Politycy na S³owacji strasz¹ Kaczyñskim,2019-05-16 08:08:17.344761

Onet,Czy mê¿czyŸni  ciesz¹ siê wiêksz¹ swobod¹ w podejmowaniu decyzji?,2019-05-16 08:08:17.344761

Onet,Najbardziej restrykcyjne w Stanach ograniczenie aborcji przeg³osowane,2019-05-16 08:08:17.344761

Onet,Ksi¹dz zmusia³ mnie do przysiêgania na Bibliê i krzy¿,2019-05-16 08:08:17.344761

Onet,Politycy na S³owacji strasz¹ Kaczyñskim,2019-05-16 08:08:17.344761

Onet,Ksi¹dz zmusi³ mnie do przysiêgania na Bibliê i krzy¿,2019-05-16 08:34:14.336234

Onet,Areta Szpura. Kim jest najwa¿niejsza twarz polskiej ekologii?,2019-05-16 08:34:14.336234

Onet,Ksi¹dz zmusi³ mnie do przysiêgania na Bibliê i krzy¿,2019-05-16 08:34:14.336234

Onet,Areta Szpura. Kim jest najwa¿niejsza twarz polskiej ekologii?,2019-05-16 08:34:14.336234

Onet,Ksi¹dz zmusi³ mnie do przysiêgania na Bibliê i krzy¿,2019-05-16 08:34:14.336234

Onet,"W³adze Polski i Izraela podsycaj¹ wzajemny konflikt. Teraz widaæ, jak powa¿ne mog¹ byæ skutki",2019-05-16 10:17:42.175528

Onet,"W³adze Polski i Izraela podsycaj¹ wzajemny. Teraz widaæ, jak powa¿ne mog¹ byæ skutki",2019-05-16 10:17:42.175528

Onet,"W³adze Polski i Izraela podsycaj¹ wzajemny. Teraz widaæ, jak powa¿ne mog¹ byæ skutki",2019-05-16 10:17:42.175528

Onet,"W³adze Polski i Izraela podsycaj¹ konflikt. Teraz widaæ, jak powa¿ne mog¹ byæ skutki",2019-05-16 10:39:54.373786

Onet,"W³adze Polski i Izraela podsycaj¹ konflikt. Teraz widaæ, jak powa¿ne mog¹ byæ skutki",2019-05-16 10:39:54.373786

Onet,"W³adze Polski i Izraela podsycaj¹ konflikt. Teraz widaæ, jak powa¿ne mog¹ byæ skutki",2019-05-16 10:39:54.373786

Onet,Szukasz nowego odkurzacza? SprawdŸ nowoczesne modele pionowe,2019-05-16 10:58:56.027877

Onet,Szukasz nowego odkurzacza? SprawdŸ nowoczesne modele pionowe,2019-05-16 10:58:56.027877

Onet,Ojciec Rydzyk komentuje film Sekielskiego. Jego zdaniem chodzi o „niszczenie Koœcio³a”,2019-05-16 11:50:41.582412

Onet,Ojciec Rydzyk komentuje film Sekielskiego. Jego zdaniem chodzi o „niszczenie Koœcio³a”,2019-05-16 11:50:41.582412

Onet,Policja ma tropiæ pokazy filmu „Tylko nie mów nikomu” braci Sekielskich,2019-05-16 13:47:57.533321

Onet,Ju¿ nawet Bitwa Warszawska ma s³awiæ Lecha Kaczyñskiego. Pos³owie PiS z³o¿yli projekt uchwa³y,2019-05-16 13:47:57.533321

Onet,Policja ma tropiæ pokazy filmu „Tylko nie mów nikomu” braci Sekielskich,2019-05-16 13:47:57.533321

Onet,Ju¿ nawet Bitwa Warszawska ma s³awiæ Lecha Kaczyñskiego. Pos³owie PiS z³o¿yli projekt uchwa³y,2019-05-16 13:47:57.533321

Onet,Policja ma tropiæ pokazy filmu „Tylko nie mów nikomu” braci Sekielskich,2019-05-16 13:47:57.533321

Onet,Œwieckiego Pañstwa nie bêdzie. Odrzucono je w kilka minut,2019-05-16 14:42:56.162760

Onet,Œwieckiego Pañstwa nie bêdzie. Odrzucono je w kilka minut,2019-05-16 14:42:56.162760

Onet,„Zarzuty wyssane z palca”. Wyrok s¹du w sprawie kierownictwa KNF zaboli Zbigniewa Ziobrê,2019-05-16 17:06:49.967049

Onet,"Oplu³ i zwyzywa³ Magierowskiego, grozi mu za to piêæ lat wiêzienia Izraelska prokuratura postawi³a zarzuty sprawcy ataku",2019-05-16 17:06:49.967049

Onet,„Zarzuty wyssane z palca”. Wyrok s¹du w sprawie kierownictwa KNF zaboli Zbigniewa Ziobrê,2019-05-16 17:06:49.967049

Onet,"Oplu³ i zwyzywa³ Magierowskiego, grozi mu za to piêæ lat wiêzienia Izraelska prokuratura postawi³a zarzuty sprawcy ataku",2019-05-16 17:06:49.967049

Onet,„Zarzuty wyssane z palca”. Wyrok s¹du w sprawie kierownictwa KNF zaboli Zbigniewa Ziobrê,2019-05-16 17:06:49.967049

Onet,"Oplu³ i zwyzywa³ Magierowskiego, grozi mu za to piêæ lat wiêzienia. Izraelska prokuratura postawi³a zarzuty sprawcy ataku",2019-05-16 20:04:01.622765

Onet,Theresa May ma wreszcie konkurenta. Polityk z jej w³asnej partii rzuca premier rêkawicê,2019-05-16 20:04:01.622765

Onet,"Oplu³ i zwyzywa³ Magierowskiego, grozi mu za to piêæ lat wiêzienia. Izraelska prokuratura postawi³a zarzuty sprawcy ataku",2019-05-16 20:04:01.622765

Onet,Theresa May ma wreszcie konkurenta. Polityk z jej w³asnej partii rzuca premier rêkawicê,2019-05-16 20:04:01.622765

Onet,"Oplu³ i zwyzywa³ Magierowskiego, grozi mu za to piêæ lat wiêzienia. Izraelska prokuratura postawi³a zarzuty sprawcy ataku",2019-05-16 20:04:01.622765

Onet,Film braci Sekielskich prze³o¿y siê na wynik wyborów?,2019-05-16 21:25:58.303104

Onet,Film braci Sekielskich prze³o¿y siê na wynik wyborów?,2019-05-16 21:25:58.303104

Onet,"Kobieta po przejœciach, mê¿czyzna z przesz³oœci¹. Dlaczego lêkaj¹ siê wejsæ w nowy zwi¹zek?",2019-05-16 21:25:58.303104

Onet,Film braci Sekielskich prze³o¿y siê na wynik wyborów?,2019-05-16 21:25:58.303104

Onet,Sejm uchwali³ nowelizacjê Kodeksu karnego ws.pedofilii,2019-05-17 00:35:23.858279

Onet,Nowoœci w œwiecie smartfonów,2019-05-17 00:35:23.858279

Onet,Sejm uchwali³ nowelizacjê Kodeksu karnego ws.pedofilii,2019-05-17 00:35:23.858279

Onet,Nowoœci w œwiecie smartfonów,2019-05-17 00:35:23.858279

Onet,Sejm uchwali³ nowelizacjê Kodeksu karnego ws.pedofilii,2019-05-17 00:35:23.858279

Onet,Sonda¿ dla Newsweeka: Wielkie t¹pniêcie poparcia dla PiS. „To efekt filmu Sekielskiego”,2019-05-17 08:40:08.283521

Onet,Rocznica wyborów 4 czerwca nie bêdzie œwiêtem pañstwowym. Dlaczego?,2019-05-17 08:40:08.283521

Onet,Sonda¿ dla Newsweeka: Wielkie t¹pniêcie poparcia dla PiS. „To efekt filmu Sekielskiego”,2019-05-17 08:40:08.283521

Onet,Polski Koœció³ czeka bunt ksiê¿y? Po „Tylko nie mów nikomu” coœ siê zmieni³o,2019-05-17 08:40:08.283521

Onet,Rocznica wyborów 4 czerwca nie bêdzie œwiêtem pañstwowym. Dlaczego?,2019-05-17 08:40:08.283521

Onet,Sonda¿ dla Newsweeka: Wielkie t¹pniêcie poparcia dla PiS. „To efekt filmu Sekielskiego”,2019-05-17 08:40:08.283521

Onet,Polski Koœció³ czeka bunt ksiê¿y? Po „Tylko nie mów nikomu” coœ siê zmieni³o,2019-05-17 08:40:08.283521

Onet,Rocznica wyborów 4 czerwca nie bêdzie œwiêtem pañstwowym. Dlaczego?,2019-05-17 08:40:08.283521

Onet,"Walka z pedofili¹ oznacza awanturê w Sejmie. Wystarczy³o, ¿e pose³ Nitras po³o¿y³ przed Kaczyñskim dzieciêce buciki",2019-05-17 13:04:23.135461

Onet,Prezenter TVP opowiedzia³ o kulisach wywiadu z Jaros³awem Kaczyñskim. I dosta³ zakaz wypowiadania siê,2019-05-17 13:04:23.135461

Onet,Prezenter TVP opowiedzia³ o kulisach wywiadu z Jaros³awem Kaczyñskim. I dosta³ zakaz wypowiadania siê,2019-05-17 13:04:23.135461

Onet,"Modne polo na wakacje? Podpowiadamy, jaki model wybraæ",2019-05-17 13:04:23.135461

Onet,"Walka z pedofili¹ oznacza awanturê w Sejmie. Wystarczy³o, ¿e pose³ Nitras po³o¿y³ przed Kaczyñskim dzieciêce buciki",2019-05-17 13:04:23.135461

Onet,"Modne polo na wakacje? Podpowiadamy, jaki model wybraæ",2019-05-17 13:04:23.135461

Onet,Prezenter TVP opowiedzia³ o kulisach wywiadu z Jaros³awem Kaczyñskim. I dosta³ zakaz wypowiadania siê,2019-05-17 13:04:23.135461

Onet,"Modne polo na wakacje? Podpowiadamy, jaki model wybraæ",2019-05-17 13:04:23.135461

Onet,"Walka z pedofili¹ oznacza awanturê w Sejmie. Wystarczy³o, ¿e pose³ Nitras po³o¿y³ przed Kaczyñskim dzieciêce buciki",2019-05-17 13:04:23.135461

Onet,Dlaczego œwiat nie daje ju¿ naszym dzieciom poczucia bezpieczeñstwa?,2019-05-25 23:56:19.290879

Onet,Potrzebujemy dobrej nowiny,2019-05-25 23:56:19.290879

Onet,Co ukrywa kardyna³ Dziwisz?,2019-05-25 23:56:19.290879

Onet,"Traktor jak dziecko, fabryka jak dom. Jaœmina Wójcik próbuje ocaliæ pamiêæ o Ursusie",2019-05-25 23:56:19.290879

Onet,Godzilla - król potworów,2019-05-25 23:56:19.290879

Onet,"Powiedzia³ Morawieckiemu o dzia³kach, oskar¿ono go o molestowanie. Kim jest kard. Henryk Gulbinowicz?",2019-05-25 23:56:19.290879

Onet,"Wybory do PE 2019. Wszystko, co trzeba wiedzieæ o eurowyborach",2019-05-25 23:56:19.290879

Onet,W drodze do lokalu,2019-05-25 23:56:19.290879

Onet,"Wybory 2019: Z czego wola³byœ zrezygnowaæ: z prawa wyborczego, czy swojego smartfona?",2019-05-25 23:56:19.290879

Onet,"Mistrz Tadeusz Rolke: Fotografowa³ Warszawê w ruinach, w smutku komunizm i w czasach wracaj¹cej wolnoœci.",2019-05-25 23:56:19.290879

Onet,Chcieli tylko uczciæ pamiêæ kole¿anki. Atak na osoby LGBT w Warszawie,2019-05-25 23:56:19.290879

Onet,"Nie ¿yje Jan Guz, przewodnicz¹cy Ogólnopolskiego Porozumienia Zwi¹zków Zawodowych",2019-05-25 23:56:19.290879

Onet,Sprawa LGBT. PO musi siê w koñcu na coœ zdecydowaæ,2019-05-25 23:56:19.290879

Onet,„Ten kraj odmieni¹ kobiety”.  W³aœnie pojawi³a siê na to realna szansa,2019-05-25 23:56:19.290879

Onet,K³opotliwa dzia³ka Morawieckiego. Za koœcielne grunty premier mo¿e zap³aciæ g³ow¹,2019-05-25 23:56:19.290879

Onet,Polska. To nie jest kraj dla chorych na raka,2019-05-25 23:56:19.290879

Onet,"Marsz czarnej œmierci. Dopiero teraz odkrywamy tajemnice epidemii d¿umy, która zdziesi¹tkowa³a Europê",2019-05-25 23:56:19.290879

Onet,Dlaczego œwiat nie daje ju¿ naszym dzieciom poczucia bezpieczeñstwa?,2019-05-25 23:56:19.290879

Onet,USA powracaj¹ kulinarnie do Europy,2019-05-25 23:56:19.290879

Onet,"Mazi Ghorbani. Cz³owiek, który chce wygraæ z g³odem na œwiecie",2019-05-25 23:56:19.290879

Onet,W liczbach. Alergie,2019-05-25 23:56:19.290879

Onet,USA. Dlaczego tamtejsza prawica wygrywa w internecie,2019-05-25 23:56:19.290879

Onet,"Metabolizm, czyli dlaczego jedni mog¹ bezkarnie jeœæ s³odycze, a inni tyj¹ od liœcia sa³aty?",2019-05-25 23:56:19.290879

Onet,Laptop na kuchennym stole. Jak pracowaæ w domu i nie zwariowaæ?,2019-05-25 23:56:19.290879

Onet,Chcesz rzuciæ wszystko i wyjechaæ w Bieszczady? Zrób to ma³ymi krokami,2019-05-25 23:56:19.290879

Onet,"To przed nimi kobiety rozk³adaj¹ nogi ka¿dego dnia. „Zawód po³o¿na” obna¿a realia pracy, która jest trudniejsza ni¿ myœlisz",2019-05-25 23:56:19.290879

Onet,Kiedy ¿ona dziedziczy emeryturê po mê¿u?,2019-05-25 23:56:19.290879

Onet,"Mazi Ghorbani. Cz³owiek, który chce wygraæ z g³odem na œwiecie",2019-05-25 23:56:19.290879

Onet,USA. Dlaczego tamtejsza prawica wygrywa w internecie,2019-05-25 23:56:19.290879

Onet,Indie. Jaki wynik przyniosly najwiêksze i najd³u¿sze wybory œwiata?,2019-05-25 23:56:19.290879

Onet,"„Kiedyœ us³ysza³am, ¿e muszê byæ kompletnie por¹bana, skoro piszê takie rzeczy”",2019-05-25 23:56:19.290879

Onet,Jak potocz¹ siê losy szeœcioraczków z Krakowa? Grozi im wiele komplikacji,2019-05-25 23:56:19.290879

Onet,Lotnisko w Modlinie zatopiæ za wszelk¹ cenê,2019-05-25 23:56:19.290879

Onet,„Ostatnia wieczerza” – arcydzie³o w ruinie,2019-05-25 23:56:19.290879

Onet,Dlaczego œwiat nie daje ju¿ naszym dzieciom poczucia bezpieczeñstwa?,2019-05-25 23:56:19.290879

Onet,USA powracaj¹ kulinarnie do Europy,2019-05-25 23:56:19.290879

Onet,"Mazi Ghorbani. Cz³owiek, który chce wygraæ z g³odem na œwiecie",2019-05-25 23:56:19.290879

Onet,W liczbach. Alergie,2019-05-25 23:56:19.290879

Onet,USA. Dlaczego tamtejsza prawica wygrywa w internecie,2019-05-25 23:56:19.290879

Onet,Potrzebujemy dobrej nowiny,2019-05-25 23:56:19.290879

Onet,"Traktor jak dziecko, fabryka jak dom. Jaœmina Wójcik próbuje ocaliæ pamiêæ o Ursusie",2019-05-25 23:56:19.290879

Onet,Godzilla - król potworów,2019-05-25 23:56:19.290879

Onet,Wybi³a godzina Borisa Johnsona. I twardego brexitu?,2019-05-25 23:56:19.290879

Onet,Kto zwyciê¿y w wyborach do Parlamentu Europejskiego?,2019-05-25 23:56:19.290879

Onet,Chcieli tylko uczciæ pamiêæ kole¿anki. Atak na osoby LGBT w Warszawie,2019-05-25 23:56:19.290879

Onet,"Klimatyczno-ekologiczne bzdury, którymi karmi¹ nas politycy",2019-05-25 23:56:19.290879

Onet,Podwójne roczniki na polu minowym,2019-05-26 15:13:14.388348

Onet,Komunia z dronem,2019-05-26 15:13:14.388348

Onet,Ketodieta na cenzurowanym,2019-05-26 15:13:14.388348

Onet,Marcin Meller wzruszaj¹co na Dzieñ Mamy,2019-05-26 15:13:14.388348

Onet,Polska g³osuje! Kto zwyciê¿y w wyborach do Parlamentu Europejskiego?,2019-05-26 15:13:14.388348

Onet,Ten lek dla chorych na raka refunduje niemal ca³a Europa. Polska z nieznanych powodów nie chce,2019-05-26 15:13:14.388348

Onet,Gad¿ety na peda³y i na pr¹d,2019-05-26 15:13:14.388348

Onet,Aladyn z Willem Smithem. Czy Disney chce zniszczyæ nam dzieciñstwo?,2019-05-26 15:13:14.388348

Onet,Ten lek dla chorych na raka refunduje niemal ca³a Europa. Polska z nieznanych powodów nie chce,2019-05-26 15:13:14.388348

Onet,Komunia z dronem,2019-05-26 15:13:14.388348

Onet,Podwójne roczniki na polu minowym,2019-05-26 15:13:14.388348

Onet,Dziœ Dzieñ Matki. Sk¹d wziê³o siê to œwiêto?,2019-05-26 15:13:14.388348

Onet,Niewolnictwo w USA. Czarnoskórzy równie¿ mieli niewolników,2019-05-26 15:13:14.388348

Onet,Gad¿ety na peda³y i na pr¹d,2019-05-26 15:13:14.388348

Onet,Aladyn z Willem Smithem. Czy Disney chce zniszczyæ nam dzieciñstwo?,2019-05-26 15:13:14.388348

Onet,Ten lek dla chorych na raka refunduje niemal ca³a Europa. Polska z nieznanych powodów nie chce,2019-05-26 15:13:14.388348

Onet,Komunia z dronem,2019-05-26 15:13:14.388348

Onet,Podwójne roczniki na polu minowym,2019-05-26 15:13:14.388348

Onet,Kulinarny powrót do Europy,2019-05-26 15:13:14.388348

Onet,Ucieczka z ko³owrotka. Jak ¿yj¹c w korporacyjnym pêdzie zadbaæ o zdrowie psychiczne?,2019-05-26 16:34:09.059931

Onet,Ucieczka z ko³owrotka. Jak ¿yj¹c w korporacyjnym pêdzie zadbaæ o zdrowie psychiczne?,2019-05-26 16:34:09.059931

Onet,"Wybory do PE 2019. Wieczór wyborczy Newsweeka, Onetu i Faktu",2019-05-26 20:24:06.596676

Onet,"Wybory 2019: Z czego wola³byœ zrezygnowaæ: z prawa wyborczego, czy swojego smartfona?",2019-05-26 20:24:06.596676

Onet,Karaoke Morrisseya,2019-05-26 20:24:06.596676

Onet,Dalej ni¿ techno,2019-05-26 20:24:06.596676

Onet,Mazolewski i Porter,2019-05-26 20:24:06.596676

Onet,Literatura czasów internetu,2019-05-26 20:24:06.596676

Onet,Powrót z³a,2019-05-26 20:24:06.596676

Onet,Karaoke Morrisseya,2019-05-26 20:24:06.596676

Onet,Dalej ni¿ techno,2019-05-26 20:24:06.596676

Onet,Mazolewski i Porter,2019-05-26 20:24:06.596676

Onet,Literatura czasów internetu,2019-05-26 20:24:06.596676

Onet,Powrót z³a,2019-05-26 20:24:06.596676

Onet,Queerowa biografia zapomnianej pisarki,2019-05-26 20:24:06.596676

Onet,M³odsza siostra i niañka Ameryki,2019-05-26 20:24:06.596676

Onet,Sztuka z magazynu,2019-05-26 20:24:06.596676

Onet,Jesieñ skandalisty,2019-05-26 20:24:06.596676

Onet,Kilka zwyciêstw i wiele pora¿ek,2019-05-26 20:24:06.596676

Onet,Marzenie o b³êkicie,2019-05-26 20:24:06.596676

Onet,Wojna o internet jutra,2019-05-26 20:24:06.596676

Onet,S¹ sonda¿owe wyniki wyborów do Europarlamentu. PiS wygra³ z Koalicj¹ Europejsk¹ ,2019-05-26 21:18:12.205260

Onet,Wyniki wyborów do Parlamentu Europejskiego. Prawo i Sprawiedliwoœæ wygrywa [EXIT POLL],2019-05-26 21:18:12.205260

Onet,Wyniki wyborów do Parlamentu Europejskiego. Prawo i Sprawiedliwoœæ wygrywa [EXIT POLL],2019-05-26 21:18:12.205260

Onet,"Wieczór wyborczy Newsweeka, Onetu i Faktu: Co zrobi PSL",2019-05-26 21:33:19.660423

Onet,Kulisy wieczoru wyborczego w PiS. Zaskoczeñ by³o kilka – najwiêksze dotyczy³o Morawieckiego,2019-05-27 18:55:53.998701

Onet,Oficjalne wyniki wyborów do Parlamentu Europejskiego: PiS wygrywa i zdobywa 27 mandatów,2019-05-27 18:55:53.998701

Onet,By wygraæ PiS nie potrzebowa³ nawet przekonywaæ nowych grup wyborców,2019-05-27 18:55:53.998701

Onet,Co oznacza wynik wyborów do Parlamentu Europejskiego?,2019-05-27 18:55:53.998701

Onet,Masakra na lewicy. Pora na gruntowne zmiany,2019-05-27 18:55:53.998701

Onet,Platforma straci³a najwiêcej na Koalicji Europejskiej,2019-05-27 18:55:53.998701

Onet,W tej kampanii nie uda³o siê zadrapaæ PiS-owskiego teflonu,2019-05-27 18:55:53.998701

Onet,"Tygodnie, które zdecyduj¹ o losie Polski jeszcze przed nami",2019-05-27 18:55:53.998701

Onet,Cisza (Po)wyborcza,2019-05-27 18:55:53.998701

Onet,Gdy b³êdnik szaleje. Sk¹d bierze siê choroba lokomocyjna?,2019-05-27 18:55:53.998701

Onet,Platforma straci³a najwiêcej na Koalicji Europejskiej,2019-05-27 18:55:53.998701

Onet,Co oznacza wynik wyborów do Parlamentu Europejskiego?,2019-05-27 18:55:53.998701

Onet,Populiœci nie zdobyli Europy,2019-05-27 18:55:53.998701

Onet,Strzelanina w szkole w Brzeœciu Kujawskim. By³y uczeñ zrani³ sprz¹taczkê i wrzuci³ petardy do budynku,2019-05-27 18:55:53.998701

Onet,By wygraæ PiS nie potrzebowa³ nawet przekonywaæ nowych grup wyborców,2019-05-27 18:55:53.998701

Onet,Studia z pasj¹,2019-05-27 18:55:53.998701

Onet,Lato bez niespodzianek,2019-05-27 18:55:53.998701

Onet,Bawmy siê razem,2019-05-27 18:55:53.998701

Onet,Potrzebujemy dobrej nowiny,2019-05-27 18:55:53.998701

Onet,"Tomasz Organek: To chore, ¿e m³odych ludzi nie przygotowuje siê do ¿ycia we wspó³czesnym œwiecie",2019-05-27 18:55:53.998701

Onet,Platforma straci³a najwiêcej na Koalicji Europejskiej,2019-05-27 18:55:53.998701

Onet,Co oznacza wynik wyborów do Parlamentu Europejskiego?,2019-05-27 18:55:53.998701

Onet,Populiœci nie zdobyli Europy,2019-05-27 18:55:53.998701

Onet,Strzelanina w szkole w Brzeœciu Kujawskim. By³y uczeñ zrani³ sprz¹taczkê i wrzuci³ petardy do budynku,2019-05-27 18:55:53.998701

Onet,By wygraæ PiS nie potrzebowa³ nawet przekonywaæ nowych grup wyborców,2019-05-27 18:55:53.998701

Onet,Kulisy wieczoru wyborczego w PiS. Zaskoczeñ by³o kilka. Najwiêksze dotyczy³o Morawieckiego,2019-05-27 18:55:53.998701

Onet,Masakra na lewicy. Pora na gruntowne zmiany,2019-05-27 18:55:53.998701

Onet,Oficjalne wyniki wyborów do Parlamentu Europejskiego: PiS wygrywa i zdobywa 27 mandatów,2019-05-27 18:55:53.998701

Onet,"Sikorski dla Newsweeka: Dzisiaj PiS ma z kim przegraæ, ale...",2019-05-27 18:55:53.998701

Onet,W tej kampanii nie uda³o siê zadrapaæ PiS-owskiego teflonu,2019-05-27 18:55:53.998701

Onet,Wybory do Parlamentu Europejskiego. Kto zdoby³ najwiêcej g³osów? Pad³y rekordy,2019-05-27 18:55:53.998701

Onet,Kto zdoby³ mandat do Parlamentu Europejskiego [LISTA NAZWISK],2019-05-27 18:55:53.998701

Onet,Wielki kac w koalicji i co dalej?,2019-05-27 19:20:37.116623

Onet,Wielki kac w koalicji i co dalej?,2019-05-27 19:20:37.116623

Onet,"Powyborcza mapa, z której trzeba wyci¹gn¹æ wnioski. Koalicja Europejska ma dwa wyjœcia",2019-05-28 21:44:06.108809

Onet,"Libera³owie, nie obra¿ajcie siê na wyborców (i wybory)",2019-05-28 21:44:06.108809

Onet,Opozycja na zakrêcie. Czy dalsze jednoczenie ma sens?,2019-05-28 21:44:06.108809

Onet,Kurz po bitwie opad³. Jak wygl¹da nowa Europa? [S£UCHAJ PODCASTU],2019-05-28 21:44:06.108809

Onet,Czy opozycja mo¿e odzyskaæ wieœ?,2019-05-28 21:44:06.108809

Onet,Beata Szyd³o atakuje Donalda Tuska. Czy to pocz¹tek walki o prezydenturê?,2019-05-28 21:44:06.108809

Onet,Minister finansów ma odejœæ z rz¹du. Zast¹pi j¹ Mateusz Morawiecki?,2019-05-28 21:44:06.108809

Onet,Papie¿ Franciszek: Jan Pawe³ II bywa³ wprowadzany w b³¹d w sprawach skandali w Koœciele,2019-05-28 21:44:06.108809

Onet,"Powyborcza mapa, z której trzeba wyci¹gn¹æ wnioski. Koalicja Europejska ma dwa wyjœcia",2019-05-28 21:44:06.108809

Onet,Minister finansów ma odejœæ z rz¹du. Zast¹pi j¹ Mateusz Morawiecki?,2019-05-28 21:44:06.108809

Onet,Beata Szyd³o atakuje Donalda Tuska. Czy to pocz¹tek walki o prezydenturê?,2019-05-28 21:44:06.108809

Onet,Garden Party – nowe sposoby na tradycyjnego grilla,2019-05-28 21:44:06.108809

Onet,Patrz¹c na Wschód,2019-05-28 21:44:06.108809

Onet,Sprostowanie tekstu: Producent „Smoleñska” musi przeprosiæ Zwi¹zek Banków Polskich,2019-05-28 21:44:06.108809

Onet,Papie¿ Franciszek: Jan Pawe³ II bywa³ wprowadzany w b³¹d w sprawach skandali w Koœciele,2019-05-28 21:44:06.108809

Onet,"Powyborcza mapa, z której trzeba wyci¹gn¹æ wnioski. Koalicja Europejska ma dwa wyjœcia",2019-05-28 21:44:06.108809

Onet,Minister finansów ma odejœæ z rz¹du. Zast¹pi j¹ Mateusz Morawiecki?,2019-05-28 21:44:06.108809

Onet,Beata Szyd³o atakuje Donalda Tuska. Czy to pocz¹tek walki o prezydenturê?,2019-05-28 21:44:06.108809

Onet,Garden Party – nowe sposoby na tradycyjnego grilla,2019-05-28 21:44:06.108809

Onet,Kurz po bitwie opad³. Jak wygl¹da nowa Europa? [S£UCHAJ PODCASTU],2019-05-28 21:44:06.108809

Onet,"Libera³owie, nie obra¿ajcie siê na wyborców (i wybory)",2019-05-28 21:44:06.108809

Onet,Turystyczna Polska – rodzinny wypad na weekend,2019-05-28 21:44:06.108809

Onet,Ju¿ za kilka dni rusza Orange Warsaw Festival 2019,2019-05-28 21:44:06.108809

Onet,Sprostowanie tekstu: Producent „Smoleñska” musi przeprosiæ Zwi¹zek Banków Polskich,2019-05-28 21:44:06.108809

Onet,"„Newsweek Opinie”: Zalewska jedzie do Brukseli, a co z nauczycielami?",2019-05-28 21:44:06.108809

Onet,PiS szykuje siê na wybory do Sejmu. Kaczyñski i Morawiecki szukaj¹ nowych ministrów,2019-05-28 21:44:06.108809

Onet,Zak³adnicy sukcesu. Mimo zwyciêstwa w PiS atmosfera daleka od euforii,2019-05-29 20:10:25.052203

Onet,"Przepalanie tematów, czyli jak k³amie w³adza",2019-05-29 20:10:25.052203

Onet,Kto przerwie zmowê milczenia w polskim Koœciele?,2019-05-29 20:10:25.052203

Onet,B³êdy kampanii. KE przegra³a na w³asne ¿yczenie,2019-05-29 20:10:25.052203

Onet,Senatorowie PiS nie chc¹ œwiêta 4 czerwca,2019-05-29 20:10:25.052203

Onet,"Gor¹czka wokó³ ustawy 447, czyli awantura o nic",2019-05-29 20:10:25.052203

Onet,„Sytuacja nauczycieli jest dramatyczna”,2019-05-29 20:10:25.052203

Onet,Ile kosztowa³ nas jeden mandat  PiS w Parlamencie Europejskim?,2019-05-29 20:10:25.052203

Onet,Wielki kac w koalicji i co dalej?,2019-05-29 20:10:25.052203

Onet,Populiœci nie zdobyli Europy,2019-05-29 20:10:25.052203

Onet,Kurz po bitwie opad³. Jak wygl¹da nowa Europa?,2019-05-29 20:10:25.052203

Onet,Tusk i Macron chc¹ dwóch kobiet na najwy¿szych stanowiskach w UE,2019-05-29 20:10:25.052203

Onet,Zak³adnicy sukcesu. Mimo zwyciêstwa w PiS atmosfera daleka od euforii,2019-05-29 20:10:25.052203

Onet,Senatorowie PiS nie chc¹ œwiêta 4 czerwca,2019-05-29 20:10:25.052203

Onet,Przenoœny g³oœnik – niezbêdnik podczas wiosennych spotkañ,2019-05-29 20:10:25.052203

Onet,Ministrowie id¹ do Brukseli. Kto przejmie resorty?,2019-05-29 20:10:25.052203

Onet,Instagramowa mobilizacja wyborcza nie pomog³a,2019-05-29 20:10:25.052203

Onet,"Park technologiczny, czyli solidne zaplecze",2019-05-29 20:10:25.052203

Onet,Jak potocz¹ siê losy szeœcioraczków z Krakowa? Grozi im wiele komplikacji,2019-05-29 20:10:25.052203

Onet,Tusk i Macron chc¹ dwóch kobiet na najwy¿szych stanowiskach w UE,2019-05-29 20:10:25.052203

Onet,Zak³adnicy sukcesu. Mimo zwyciêstwa w PiS atmosfera daleka od euforii,2019-05-29 20:10:25.052203

Onet,Senatorowie PiS nie chc¹ œwiêta 4 czerwca,2019-05-29 20:10:25.052203

Onet,Przenoœny g³oœnik – niezbêdnik podczas wiosennych spotkañ,2019-05-29 20:10:25.052203

Onet,Ministrowie id¹ do Brukseli. Kto przejmie resorty?,2019-05-29 20:10:25.052203

Onet,B³êdy kampanii. KE przegra³a na w³asne ¿yczenie,2019-05-29 20:10:25.052203

Onet,Ile kosztowa³ nas jeden mandat  PiS w Parlamencie Europejskim?,2019-05-29 20:10:25.052203

Onet,„Sytuacja nauczycieli jest dramatyczna”,2019-05-29 20:10:25.052203

Onet,"Przepalanie tematów, czyli jak k³amie w³adza",2019-05-29 20:10:25.052203

Onet,Instagramowa mobilizacja wyborcza nie pomog³a,2019-05-29 20:10:25.052203

Onet,Leszek Balcerowicz. Z³y facet,2019-06-01 13:17:35.540972

Onet,Muzeum 1989 r. ze œwie¿utk¹ cenzur¹,2019-06-01 13:17:35.540972

Onet,Drogie dzieci. Ile kosztuje pociecha,2019-06-01 13:17:35.540972

Onet,Kuchnia za 60 tys. i miliony na koncie. Oto oœwiadczenie maj¹tkowe premiera Morawieckiego,2019-06-01 13:17:35.540972

Onet,Iran: Czas siê baæ,2019-06-01 13:17:35.540972

Onet,"YouTuberzy siê k³óc¹, biznes zarabia",2019-06-01 13:17:35.540972

Onet,"Zjednoczona opozycja chce wzi¹æ Senat. PiS ma ju¿ pomys³, jak j¹ zatrzymaæ",2019-06-01 13:17:35.540972

Onet,Nie bêdzie Polski bez reklam. PiS chce zlikwidowaæ ustawê krajobrazow¹,2019-06-01 13:17:35.540972

Onet,Pedofilia w Koœciele. „Dymisje hierarchów niczego nie za³atwi¹”,2019-06-01 13:17:35.540972

Onet,Koszmary dzieciñstwa,2019-06-01 13:17:35.540972

Onet,Powyborczy szanta¿. PiS ze swojego zwyciêstwa ju¿ robi dla nas kaganiec,2019-06-01 13:17:35.540972

Onet,"„Nie musisz siê wstydziæ, ¿e nie lubisz ¯ydów”",2019-06-01 13:17:35.540972

Onet,Muzeum 1989 r. ze œwie¿utk¹ cenzur¹,2019-06-01 13:17:35.540972

Onet,Zmierzch ery Clintonów,2019-06-01 13:17:35.540972

Onet,Drogie dzieci. Ile kosztuje pociecha,2019-06-01 13:17:35.540972

Onet,Iran: Czas siê baæ,2019-06-01 13:17:35.540972

Onet,"Zjednoczona opozycja chce wzi¹æ Senat. PiS ma ju¿ pomys³, jak j¹ zatrzymaæ",2019-06-01 13:17:35.540972

Onet,Jak nauczyæ dziecko podejmowania decyzji?,2019-06-01 13:17:35.540972

Onet,"Pierwszy rower dla kilkuletniego dziecka? Podpowiadamy, jaki wybraæ",2019-06-01 13:17:35.540972

Onet,Szukasz praktycznej damskiej torebki? Tylko shopperka!,2019-06-01 13:17:35.540972

Onet,Myœlisz ju¿ o wakacyjnych wyjazdach? Najpierw zadbaj o swoj¹ skórê na s³oñcu!,2019-06-01 13:17:35.540972

Onet,"W badaniu wysz³o, ¿e coraz mniej Rosjan ufa Putinowi? Sonda¿ownia zmienia metodologiê, by efekt podoba³ siê Kremlowi. Pomog³o",2019-06-01 13:17:35.540972

Onet,Zimna fuzja od Google. Zyskalibyœmy potê¿ne Ÿród³o taniej i czystej energii. Jest jedno ale,2019-06-01 13:17:35.540972

Onet,Kurz po bitwie opad³. Jak wygl¹da nowa Europa? [S£UCHAJ PODCASTU],2019-06-01 13:17:35.540972

Onet,Solidarnoœæ jajników? Nie w pracy,2019-06-01 13:17:35.540972

Onet,Tsunami umorzeñ. Od audytu rz¹dów PO-PSL minê³y trzy lata,2019-06-01 13:17:35.540972

Onet,"Kolaborowa³ z Niemcami, by drukowaæ ksi¹¿ki dla polskich dzieci",2019-06-01 13:17:35.540972

Onet,Muzeum 1989 r. ze œwie¿utk¹ cenzur¹,2019-06-01 13:17:35.540972

Onet,Zmierzch ery Clintonów,2019-06-01 13:17:35.540972

Onet,Drogie dzieci. Ile kosztuje pociecha,2019-06-01 13:17:35.540972

Onet,Iran: Czas siê baæ,2019-06-01 13:17:35.540972

Onet,"Zjednoczona opozycja chce wzi¹æ Senat. PiS ma ju¿ pomys³, jak j¹ zatrzymaæ",2019-06-01 13:17:35.540972

Onet,W zwisie mdlej¹ r¹czki. Dlaczego nasze dzieci to fajt³apy,2019-06-01 13:17:35.540972

Onet,"YouTuberzy siê k³óc¹, biznes zarabia",2019-06-01 13:17:35.540972

Onet,Kuchnia za 60 tys. i miliony na koncie. Oto oœwiadczenie maj¹tkowe premiera Morawieckiego,2019-06-01 13:17:35.540972

Onet,Prawdy i k³amstewka Laury Dern,2019-06-01 13:17:35.540972

Onet,Zofia Klepacka. Bojownik idealny na wojnie z gender,2019-06-01 13:17:35.540972

Onet,Balcerowicz oskar¿a Polsk¹ Agencjê Prasow¹ o insynuacje w sprawie GetBacku,2019-06-01 13:17:35.540972

Onet,Najmniejsze dziecko œwiata. Amerykañscy lekarze uratowali dziewczynkê wa¿¹c¹ 245 gramów,2019-06-01 13:17:35.540972

