Title,Headline,Timestamp
RMFSwiat,rmf24 - Strona g³ówna,2019-05-14 21:03:10.064046

RMFSwiat,rmf24 - Strona g³ówna,2019-05-14 21:03:10.064046

RMFSwiat,£ucenko: W wybory w USA ingerowali pracuj¹cy w Kijowie Amerykanie,2019-05-14 21:03:10.064046

RMFSwiat,Witold Bañka szefem Œwiatowej Agencji Antydopingowej WADA,2019-05-14 21:03:10.064046

RMFSwiat,"Twoja twarz jest w kamerze, wiemy, ¿e to ty!",2019-05-14 21:03:10.064046

RMFSwiat,Atak terrorystów podczas katolickiej procesji. Zginê³y cztery osoby,2019-05-14 21:03:10.064046

RMFSwiat,Zamach w Strasburgu. Kolejne 5 osób aresztowanych,2019-05-14 21:03:10.064046

RMFSwiat,"Jecha³ z martw¹ ¿on¹ w fotelu pasa¿era. Twierdzi, ¿e zmar³a w hotelu",2019-05-14 21:03:10.064046

RMFSwiat,Lider Szwedzkich Demokratów: UE powinna wesprzeæ energetykê j¹drow¹ w Polsce,2019-05-14 21:03:10.064046

RMFSwiat,Kara dla Bayera. Musi zap³aciæ miliardowe odszkodowanie,2019-05-14 21:03:10.064046

RMFSwiat,"Rozprawa ws. pytañ S¹du Najwy¿szego w Luksemburgu: Stanowiska bez zmian, nowa data wydania opinii",2019-05-14 21:03:10.064046

RMFSwiat,"Piêæ ofiar, trzy kusze i dwa testamenty. Tajemnica zbrodni w Pasawie",2019-05-14 21:03:10.064046

RMFSwiat,Atak hakerski na u¿ytkowników WhatsApp’a. Mo¿e za nim staæ izraelska firma,2019-05-14 21:03:10.064046

RMFSwiat,Zamieszki w Kaszmirze po zgwa³ceniu 3-latki. Chc¹ surowej kary dla oprawcy,2019-05-14 21:03:10.064046

RMFSwiat,Zamieszki w Sudanie. Protestuj¹cy chc¹ oddania w³adzy w cywilne rêce,2019-05-14 21:03:10.064046

RMFSwiat,UchodŸca p³yn¹³ wp³aw przez Morze Œródziemne,2019-05-14 21:03:10.064046

RMFSwiat,"Po¿ar polskiego autobusu w Czechach. ""Kaza³em dzieciom uciekaæ""",2019-05-14 21:03:10.064046

RMFSwiat,"Putin: Rosja chcia³aby odnowiæ relacje z USA, liczy, ¿e s¹ do tego warunki",2019-05-15 00:51:48.689979

RMFSwiat,Farmerzy ofiarami wojny handlowej USA - Chiny. Stracili g³ówny rynek zbytu,2019-05-15 00:51:48.689979

RMFSwiat,Salvini: Rz¹d W³och gotów przekroczyæ limit deficytu bud¿etowego,2019-05-15 00:51:48.689979

RMFSwiat,"Trump zaprzecza, ¿e USA rozwa¿aj¹ wys³anie 120 tys. ¿o³nierzy na Bliski Wschód",2019-05-15 00:51:48.689979

RMFSwiat,Doradca Putina o spotkaniu z Pompeo: Nie przynios³o prze³omu,2019-05-15 08:34:49.739793

RMFSwiat,Hongkong: Trzy przypadki zara¿enia szczurzym wirusem. Jedna osoba zmar³a,2019-05-15 10:18:04.244388

RMFSwiat,Polak znów najszybszy w biegu po schodach Empire State Building,2019-05-15 10:18:04.244388

RMFSwiat,"Polski ambasador Marek Magierowski zaatakowany w Tel Awiwie. ""Rasistowski atak""",2019-05-15 10:18:04.244388

RMFSwiat,Na Mount Everest bêdzie t³oczno. Rekordowa liczba zezwoleñ na wejœcie,2019-05-15 10:18:04.244388

RMFSwiat,Polska mo¿e zostaæ zmuszona do przyjêcia uchodŸców. Wyrok TSUE ju¿ jesieni¹,2019-05-15 10:31:53.575428

RMFSwiat,Atak na Magierowskiego. Jest oœwiadczenie strony izraelskiej,2019-05-15 12:35:38.822720

RMFSwiat,Szczegó³y ataku na polskiego ambasadora Marka Magierowskiego w Izraelu,2019-05-15 15:25:15.776684

RMFSwiat,Œwiatowy Kongres ¯ydów wstrz¹œniêty napaœci¹ na Magierowskiego,2019-05-15 21:04:31.444750

RMFSwiat,Napaœæ na ambasadora Magierowskiego. Znamy datê spotkania Trump-Duda [PODSUMOWANIE DNIA],2019-05-15 21:04:31.444750

RMFSwiat,Donald Trump spotka siê z Andrzejem Dud¹. Znamy datê,2019-05-15 21:04:31.444750

RMFSwiat,Tragedia na Eurowizji. Nie ¿yje jeden z pracowników,2019-05-15 21:04:31.444750

RMFSwiat,Pijana 12-latka zabra³a dziadkowi samochód i ucieka³a przed policj¹,2019-05-15 21:04:31.444750

RMFSwiat,Dowiedzia³a siê o gwa³cie po dwóch tygodniach. Bo zasz³a w ci¹¿ê,2019-05-15 21:04:31.444750

RMFSwiat,Alabama zaostrza prawo aborcyjne,2019-05-15 21:04:31.444750

RMFSwiat,"Timmermans: Jeœli kraje Europy Œrodkowej bêd¹ odmawiaæ solidarnoœci, to wróc¹ granice",2019-05-16 00:04:17.790836

RMFSwiat,Usain Bolt otworzy³ wypo¿yczalniê elektrycznych hulajnóg,2019-05-16 08:08:17.360387

RMFSwiat,Przy wjeŸdzie do tego kraju turyœci zap³ac¹ specjaln¹ op³atê,2019-05-16 08:08:17.360387

RMFSwiat,Donald Trump u³askawi³ autora swojej biografii,2019-05-16 08:08:17.360387

RMFSwiat,USA ewakuuj¹ pracowników ambasady w Iraku. Obawiaj¹ siê ataku Iranu,2019-05-16 08:34:14.367505

RMFSwiat,Ukraina: Ko³omojski wróci³ do kraju. Nowy prezydent mu pomo¿e?,2019-05-16 10:17:42.300534

RMFSwiat,"Ukraina: Zaprzysiê¿enie Ze³enskiego 20 maja, dzieñ póŸniej ni¿ chcia³",2019-05-16 11:50:41.582412

RMFSwiat,Polska wygra³a rozprawê z Komisj¹ Europejsk¹. Chodzi o podatek handlowy,2019-05-16 11:50:41.582412

RMFSwiat,Polska wygra³a z Komisj¹ Europejsk¹. Chodzi o podatek handlowy,2019-05-16 12:37:48.898304

RMFSwiat,Wspólne posi³ki równie wa¿ne jak seks,2019-05-16 13:47:57.548942

RMFSwiat,Wspólne posi³ki równie wa¿ne jak seks,2019-05-16 14:42:56.178366

RMFSwiat,Boris Johnson chce zostaæ premierem Wielkiej Brytanii,2019-05-16 20:04:01.779883
RMFSwiat,Angela Merkel wybiera siê na polityczn¹ emeryturê,2019-05-16 20:04:01.779883
RMFSwiat,Drogówka w... nieoznakowanych ciê¿arówkach. Tak na Wyspach patroluj¹ autostrady,2019-05-16 21:25:59.002772
RMFSwiat,Mosbacher dziêkuje szefowi Œwiatowego Kongresu ¯ydów za s³owa o Polakach,2019-05-17 00:35:24.045767
RMFSwiat,Fa³szywe bilety na mistrzostwa w hokeju. Wœród zatrzymanych Polak,2019-05-17 08:40:08.976272
RMFSwiat,Dziesi¹tki martwych rekinów na walijskiej pla¿y,2019-05-17 08:40:08.976272
RMFSwiat,"Zabi³ ca³¹ rodzinê, bo pok³óci³ siê o samochód. Wykonano wyrok œmierci",2019-05-17 08:40:08.976272
RMFSwiat,"Boeing zaktualizowa³ oprogramowanie w samolotach, które s¹ uziemione",2019-05-17 08:40:08.976272
RMFSwiat,USA: Chelsea Manning znów w areszcie. Odmówi³a zeznañ ws. WikiLeaks,2019-05-17 13:04:23.380324
RMFSwiat,Górnicy uwiêzieni w kopalni rudy ¿elaza w Chinach,2019-05-17 13:04:23.380324
RMFSwiat,Koniec koalicji na Ukrainie. Ze³enski nie bêdzie móg³ rozwi¹zaæ parlamentu,2019-05-17 13:04:23.380324
RMFSwiat,Puchar Niemiec: Zwyciêstwo Bayernu,2019-05-25 23:56:19.441947
RMFSwiat,MŒ w hokeju: Kanada rywalem Finlandii w finale,2019-05-25 23:56:19.441947
RMFSwiat,O. Carlos Alberto Trovarelli nowym genera³em franciszkanów,2019-05-25 23:56:19.441947
RMFSwiat,Botswana chce znieœæ zakaz polowania na s³onie. ZapowiedŸ wywo³a³a falê krytyki,2019-05-25 23:56:19.441947
RMFSwiat,"""By³a architektem w³asnego upadku"". Angielskie media o rezygnacji May",2019-05-25 23:56:19.441947
RMFSwiat,"F1: Bez sensacji w Williamsie, ogromne zaskoczenie w Ferrari",2019-05-25 23:56:19.441947
RMFSwiat,Japonia: Zaskakuj¹ca fala upa³ów. 460 ludzi w szpitalach,2019-05-25 23:56:19.441947
RMFSwiat,Papie¿: Diagnoza prenatalna w celu selekcji to wyraz nieludzkiej mentalnoœci,2019-05-25 23:56:19.441947
RMFSwiat,Eksplozja w Lyonie. Prokuratura poszukuje sprawcy,2019-05-25 23:56:19.441947
RMFSwiat,Trybuna³ zdecydowa³: Rosja ma niezw³ocznie uwolniæ ukraiñskich marynarzy,2019-05-25 23:56:19.441947
RMFSwiat,"""Ju¿ dawno by³a przegrana"". Niemiecka prasa o ""wielkiej pora¿ce"" Theresy May",2019-05-25 23:56:19.441947
RMFSwiat,Trzêsienie ziemi w Japonii. By³o odczuwalne w Tokio,2019-05-25 23:56:19.441947
RMFSwiat,Uprowadzi³ 13-latkê i zabi³ jej rodziców. S¹d skaza³ go na podwójne do¿ywocie,2019-05-25 23:56:19.441947
RMFSwiat,Starcia w wiêzieniu w Wenezueli. Nie ¿yj¹ 23 osoby,2019-05-25 23:56:19.441947
RMFSwiat,Rosja i Bia³oruœ uzgodni³y sposób oczyszczenia PrzyjaŸni ze ska¿onej ropy,2019-05-25 23:56:19.441947
