Title,Headline,Timestamp
Dziennik,Wybory do europarlamentu 2019. Oto WYNIKI [RELACJA NA ¯YWO],2019-05-26 21:33:19.384138
Dziennik,Wybory do europarlamentu 2019. Oto WYNIKI [RELACJA NA ¯YWO],2019-05-26 21:33:19.384138
Dziennik,"Wa³êsa cieszy siê, ¿e Cenckiewicz grozi mu s¹dem. ""Tylko wnuk ubeka mo¿e coœ takiego powiedzieæ""",2019-05-26 21:33:19.384138
Dziennik,Na Marszu Równoœci obra¿ono uczucia religijne? Ziemkiewicz i P³a¿yñski atakuj¹ Dulkiewicz,2019-05-26 21:33:19.384138
Dziennik,"Orban: Mam nadziejê, ¿e te wybory wzmocni¹ si³y przeciwników imigracji",2019-05-26 21:33:19.384138
Dziennik,"Abp Jêdraszewski o ""wielkiej krzywdzie"" wyrz¹dzanej Koœcio³owi: O matce nigdy Ÿle",2019-05-26 21:33:19.384138
Dziennik,"Pijany szef komisji, kradzie¿ karty do g³osowania. Incydenty na wyborach",2019-05-26 21:33:19.384138
Dziennik,Szef NATO o nowej broni j¹drowej w Europie: Nie chcemy kolejnej zimnej wojny,2019-05-26 21:33:19.384138
Dziennik,"Wyniki wyborów do europaramentu 2019: Szyd³o, Brudziñski, Zalewska, Bielan, Jaki jad¹ do Brukseli.",2019-05-26 21:33:19.384138
Dziennik,Schetyna po wynikach exit poll: To pierwsza po³owa meczu,2019-05-26 21:33:19.384138
Dziennik,Prezes PiS: rozstrzygaj¹cy bój o przysz³oœæ odbêdzie siê na jesieni i musimy te¿ zwyciê¿yæ,2019-05-26 21:33:19.384138
Dziennik,Wyniki wyborów do Parlamentu Europejskiego 2019: PiS przed KE [EXIT POLLS],2019-05-26 21:33:19.384138
Dziennik,Wybory do europarlamentu 2019. Oto WYNIKI [RELACJA NA ¯YWO],2019-05-26 21:33:19.384138
Dziennik,Wysoka frekwencja w wyborach do PE. Znamy wyniki z godz. 17,2019-05-26 21:33:19.384138
Dziennik,"Orban: Mam nadziejê, ¿e te wybory wzmocni¹ si³y przeciwników imigracji",2019-05-26 21:33:19.384138
Dziennik,Szef NATO o nowej broni j¹drowej w Europie: Nie chcemy kolejnej zimnej wojny,2019-05-26 21:33:19.384138
Dziennik,Porwa³ 13-latkê i zamordowa³ jej rodziców. Jest wyrok,2019-05-26 21:33:19.384138
Dziennik,Prezydent Botswany zapowiada ograniczenie polowañ na s³onie. Ale krytyków to nie przekonuje,2019-05-26 21:33:19.384138
Dziennik,Konflikt Chin i Niemiec. Chodzi o azyl dla prodemokratycznych aktywistów,2019-05-26 21:33:19.384138
Dziennik,Miêdzynarodowy Trybuna³ Prawa Morza nakazuje Rosji uwolnienie ukraiñskich marynarzy,2019-05-26 21:33:19.384138
Dziennik,"Polacy na tropie tajnego archiwum Wehrmachtu. ""Sukces bardziej prawdopodobny ni¿ odkrycie Bursztynowej Komnaty""",2019-05-26 21:33:19.384138
Dziennik,Kontrowersyjna wypowiedŸ niemieckiej minister sprawiedliwoœci o zakoñczeniu II wojny œwiatowej,2019-05-26 21:33:19.384138
Dziennik,Zabierali ludzi wprost z zak³adów pracy i wysy³ali do radioaktywnej strefy. Kim byli likwidatorzy Czarnobyla?,2019-05-26 21:33:19.384138
Dziennik,"Po upadku Pablo Escobara zosta³ najbogatszym mafiosem œwiata. ""Politykom nie na rêkê go aresztowaæ""",2019-05-26 21:33:19.384138
Dziennik,243 bochenki chleba za jedn¹ pensjê. Ceny w Polsce w 1989 roku [30LatWolnoœci],2019-05-26 21:33:19.384138
Dziennik,"Kasia Stankiewicz w Sopocie nawet nie udawa³a, ¿e chce zas³oniæ zupe³nie nagie krocze. FOTO",2019-05-26 21:33:19.384138
Dziennik,Czy w samolocie klaszcz¹ tylko Polacy? Pilot o irytuj¹cych pasa¿erach i... spotkaniach z UFO [ROZMOWA],2019-05-26 21:33:19.384138
Dziennik,Anja Rubik najbardziej roznegli¿owan¹ gwiazd¹ festiwalu w Cannes. Jej kreacja wywo³a³a burzê. FOTO,2019-05-26 21:33:19.384138
Dziennik,"Rozmowa z Faresem Faresem, aktorem serialu ""Czarnobyl"": Ta historia znowu siê powtarza",2019-05-26 21:33:19.384138
Dziennik,"Joanna Krupa jest w ci¹¿y: Zawsze czu³am, ¿e bêdê matk¹",2019-05-26 21:33:19.384138
